BEGIN;

TRUNCATE change_requests, calendar_entries, venues, venue_types, sessions, users RESTART IDENTITY CASCADE;

INSERT INTO users (id, name, email, phone_number, password_hash, role) VALUES
  ('e5b0b7e0-109f-4171-a0ce-3462fa5f5a97', 'Main Superadmin', 'admin@example.com', '70000000', 'ARA76_StPEcjIZDOhQIVAw:sG9k4Ptnv7dyQG1o7Ab7dZUqrbc8ekaiLGn3EzZhk6HBWRycj00S24IPMhnj7MLAsu3ETo8X4MxkB90VigjPJQ', 'superadmin'),
  ('fcf6a6fa-64a8-47d6-863f-5e96a8bc050a', 'Maya Haddad', 'maya@example.com', '70000001', 'wzTlPemjl2xWsx5AF7RscQ:rudPXQa1XSkQCas0YIPMFxDCAFix687dwcgufxOTWS_4IpVd6snFc07u2sNIB9jPPasW6Jl5rOdVuietpvipWg', 'owner'),
  ('90fd7b94-a197-41cf-b52c-aed011555197', 'Karim Mansour', 'karim@example.com', '70000002', 'wzTlPemjl2xWsx5AF7RscQ:rudPXQa1XSkQCas0YIPMFxDCAFix687dwcgufxOTWS_4IpVd6snFc07u2sNIB9jPPasW6Jl5rOdVuietpvipWg', 'owner'),
  ('1be5927f-27ea-4946-b263-202c7cc9afe8', 'Lina Saad', 'lina@example.com', '70000003', 'wzTlPemjl2xWsx5AF7RscQ:rudPXQa1XSkQCas0YIPMFxDCAFix687dwcgufxOTWS_4IpVd6snFc07u2sNIB9jPPasW6Jl5rOdVuietpvipWg', 'owner'),
  ('e3f667c5-13dd-438a-b8cf-23be61ffead2', 'Omar Nasser', 'omar@example.com', '70000004', 'wzTlPemjl2xWsx5AF7RscQ:rudPXQa1XSkQCas0YIPMFxDCAFix687dwcgufxOTWS_4IpVd6snFc07u2sNIB9jPPasW6Jl5rOdVuietpvipWg', 'owner'),
  ('732db535-7f20-4ad6-805b-67415edaabab', 'Rana Khoury', 'rana@example.com', '70000005', 'wzTlPemjl2xWsx5AF7RscQ:rudPXQa1XSkQCas0YIPMFxDCAFix687dwcgufxOTWS_4IpVd6snFc07u2sNIB9jPPasW6Jl5rOdVuietpvipWg', 'owner'),
  ('3a7c6ec6-b26f-4926-bd31-705ac3f6d401', 'Ziad Farah', 'ziad@example.com', '70000006', 'wzTlPemjl2xWsx5AF7RscQ:rudPXQa1XSkQCas0YIPMFxDCAFix687dwcgufxOTWS_4IpVd6snFc07u2sNIB9jPPasW6Jl5rOdVuietpvipWg', 'owner'),
  ('ee7fac20-6a65-4102-ac17-66b3a16c6b4b', 'Nour Aoun', 'nour@example.com', '70000007', 'wzTlPemjl2xWsx5AF7RscQ:rudPXQa1XSkQCas0YIPMFxDCAFix687dwcgufxOTWS_4IpVd6snFc07u2sNIB9jPPasW6Jl5rOdVuietpvipWg', 'owner'),
  ('72c19f78-e95b-48f4-bd86-630f5c2918d3', 'Tarek Saliba', 'tarek@example.com', '70000008', 'wzTlPemjl2xWsx5AF7RscQ:rudPXQa1XSkQCas0YIPMFxDCAFix687dwcgufxOTWS_4IpVd6snFc07u2sNIB9jPPasW6Jl5rOdVuietpvipWg', 'owner'),
  ('8dce6303-7a8a-49ae-b46a-a52cf6c6c907', 'Hala Karam', 'hala@example.com', '70000009', 'wzTlPemjl2xWsx5AF7RscQ:rudPXQa1XSkQCas0YIPMFxDCAFix687dwcgufxOTWS_4IpVd6snFc07u2sNIB9jPPasW6Jl5rOdVuietpvipWg', 'owner'),
  ('1219815e-1a80-44b7-861c-418c77757a50', 'Fadi Daher', 'fadi@example.com', '70000010', 'wzTlPemjl2xWsx5AF7RscQ:rudPXQa1XSkQCas0YIPMFxDCAFix687dwcgufxOTWS_4IpVd6snFc07u2sNIB9jPPasW6Jl5rOdVuietpvipWg', 'owner'),
  ('5b6e5beb-4fbf-44e9-a7b5-a77497a45ea1', 'Mira Jaber', 'mira@example.com', '70000011', 'wzTlPemjl2xWsx5AF7RscQ:rudPXQa1XSkQCas0YIPMFxDCAFix687dwcgufxOTWS_4IpVd6snFc07u2sNIB9jPPasW6Jl5rOdVuietpvipWg', 'owner'),
  ('96145ab9-0f38-4653-b91b-9284de242429', 'Samir Haddad', 'samir@example.com', '70000012', 'wzTlPemjl2xWsx5AF7RscQ:rudPXQa1XSkQCas0YIPMFxDCAFix687dwcgufxOTWS_4IpVd6snFc07u2sNIB9jPPasW6Jl5rOdVuietpvipWg', 'owner'),
  ('31c5b1ab-2175-480f-8e16-ac4fd1763738', 'Yara Mansour', 'yara@example.com', '70000013', 'wzTlPemjl2xWsx5AF7RscQ:rudPXQa1XSkQCas0YIPMFxDCAFix687dwcgufxOTWS_4IpVd6snFc07u2sNIB9jPPasW6Jl5rOdVuietpvipWg', 'owner'),
  ('92fbb5ef-135f-403e-a13d-dac9b350068e', 'Nabil Raad', 'nabil@example.com', '70000014', 'wzTlPemjl2xWsx5AF7RscQ:rudPXQa1XSkQCas0YIPMFxDCAFix687dwcgufxOTWS_4IpVd6snFc07u2sNIB9jPPasW6Jl5rOdVuietpvipWg', 'owner'),
  ('aeb20755-a6bd-481a-851a-d7a9d8276e77', 'Dina Awad', 'dina@example.com', '70000015', 'wzTlPemjl2xWsx5AF7RscQ:rudPXQa1XSkQCas0YIPMFxDCAFix687dwcgufxOTWS_4IpVd6snFc07u2sNIB9jPPasW6Jl5rOdVuietpvipWg', 'owner'),
  ('0338a7c7-2e12-4509-9da0-df1f36c9d791', 'Elias Saab', 'elias@example.com', '70000016', 'wzTlPemjl2xWsx5AF7RscQ:rudPXQa1XSkQCas0YIPMFxDCAFix687dwcgufxOTWS_4IpVd6snFc07u2sNIB9jPPasW6Jl5rOdVuietpvipWg', 'owner'),
  ('56de6830-0ffb-4d21-b8e0-ee563e33587c', 'Sara Chidiac', 'sara@example.com', '70000017', 'wzTlPemjl2xWsx5AF7RscQ:rudPXQa1XSkQCas0YIPMFxDCAFix687dwcgufxOTWS_4IpVd6snFc07u2sNIB9jPPasW6Jl5rOdVuietpvipWg', 'owner'),
  ('7b61873d-0127-48bb-aa28-5d594f9e469e', 'Hadi Ghosn', 'hadi@example.com', '70000018', 'wzTlPemjl2xWsx5AF7RscQ:rudPXQa1XSkQCas0YIPMFxDCAFix687dwcgufxOTWS_4IpVd6snFc07u2sNIB9jPPasW6Jl5rOdVuietpvipWg', 'owner'),
  ('795936e5-82d8-4d27-85a3-839cda8ba6ca', 'Lea Tannous', 'lea@example.com', '70000019', 'wzTlPemjl2xWsx5AF7RscQ:rudPXQa1XSkQCas0YIPMFxDCAFix687dwcgufxOTWS_4IpVd6snFc07u2sNIB9jPPasW6Jl5rOdVuietpvipWg', 'owner'),
  ('5098a6da-7dec-4220-947b-a6c3dc69b39d', 'Rami Sfeir', 'rami@example.com', '70000020', 'wzTlPemjl2xWsx5AF7RscQ:rudPXQa1XSkQCas0YIPMFxDCAFix687dwcgufxOTWS_4IpVd6snFc07u2sNIB9jPPasW6Jl5rOdVuietpvipWg', 'owner'),
  ('906a24ec-9205-4782-a743-142edaf8e06d', 'Celine Matar', 'celine@example.com', '70000021', 'wzTlPemjl2xWsx5AF7RscQ:rudPXQa1XSkQCas0YIPMFxDCAFix687dwcgufxOTWS_4IpVd6snFc07u2sNIB9jPPasW6Jl5rOdVuietpvipWg', 'owner'),
  ('014bf64f-122c-4ca0-91e1-26fb448d1c1a', 'Joseph Nohra', 'joseph@example.com', '70000022', 'wzTlPemjl2xWsx5AF7RscQ:rudPXQa1XSkQCas0YIPMFxDCAFix687dwcgufxOTWS_4IpVd6snFc07u2sNIB9jPPasW6Jl5rOdVuietpvipWg', 'owner'),
  ('b6416406-f887-4faa-9b47-60b7f156107a', 'Mariam Abi Raad', 'mariam@example.com', '70000023', 'wzTlPemjl2xWsx5AF7RscQ:rudPXQa1XSkQCas0YIPMFxDCAFix687dwcgufxOTWS_4IpVd6snFc07u2sNIB9jPPasW6Jl5rOdVuietpvipWg', 'owner'),
  ('bf41d302-c2ba-49d5-b08f-787ae5d44403', 'Tony Khazen', 'tony@example.com', '70000024', 'wzTlPemjl2xWsx5AF7RscQ:rudPXQa1XSkQCas0YIPMFxDCAFix687dwcgufxOTWS_4IpVd6snFc07u2sNIB9jPPasW6Jl5rOdVuietpvipWg', 'owner'),
  ('bd24de27-12c3-486b-a335-b55c3677ff50', 'Nadine Akl', 'nadine@example.com', '70000025', 'wzTlPemjl2xWsx5AF7RscQ:rudPXQa1XSkQCas0YIPMFxDCAFix687dwcgufxOTWS_4IpVd6snFc07u2sNIB9jPPasW6Jl5rOdVuietpvipWg', 'owner'),
  ('437f45b7-1226-48f7-9add-3b97b087b8bb', 'Bassel Hayek', 'bassel@example.com', '70000026', 'wzTlPemjl2xWsx5AF7RscQ:rudPXQa1XSkQCas0YIPMFxDCAFix687dwcgufxOTWS_4IpVd6snFc07u2sNIB9jPPasW6Jl5rOdVuietpvipWg', 'owner'),
  ('d12037c8-803a-4168-a92e-77c392c41e77', 'Carla Rizk', 'carla@example.com', '70000027', 'wzTlPemjl2xWsx5AF7RscQ:rudPXQa1XSkQCas0YIPMFxDCAFix687dwcgufxOTWS_4IpVd6snFc07u2sNIB9jPPasW6Jl5rOdVuietpvipWg', 'owner'),
  ('7ca8c5b8-323a-48d4-aa63-1e5472f44948', 'Walid Kassis', 'walid@example.com', '70000028', 'wzTlPemjl2xWsx5AF7RscQ:rudPXQa1XSkQCas0YIPMFxDCAFix687dwcgufxOTWS_4IpVd6snFc07u2sNIB9jPPasW6Jl5rOdVuietpvipWg', 'owner'),
  ('81150880-da80-48eb-a0c4-7d5fd475aead', 'Reem Hobeika', 'reem@example.com', '70000029', 'wzTlPemjl2xWsx5AF7RscQ:rudPXQa1XSkQCas0YIPMFxDCAFix687dwcgufxOTWS_4IpVd6snFc07u2sNIB9jPPasW6Jl5rOdVuietpvipWg', 'owner'),
  ('82f13e2c-bca7-4909-b45c-f6db8c59aff4', 'George Sayegh', 'george@example.com', '70000030', 'wzTlPemjl2xWsx5AF7RscQ:rudPXQa1XSkQCas0YIPMFxDCAFix687dwcgufxOTWS_4IpVd6snFc07u2sNIB9jPPasW6Jl5rOdVuietpvipWg', 'owner');

INSERT INTO venue_types (id, name, description) VALUES
  ('541e7bd9-0e3f-40bb-aeb0-beccf64fa715', 'Pool', 'Private swimming pool reservations'),
  ('66b741f8-ee3e-4568-8b21-d05964521bfb', 'Chalet', 'Chalet and short-stay property reservations'),
  ('de2dc41e-8bea-4a4d-8141-9487ca3e5ce1', 'Event Venue', 'Indoor or outdoor event spaces'),
  ('682b0573-e2d9-47cc-8ebf-ff4e55fe7694', 'Villa', 'Private villa reservations'),
  ('47275442-978b-402e-8724-3ff33e574c40', 'Rooftop', 'Rooftop spaces for private gatherings'),
  ('442a855e-c688-4bd0-9f6e-7a8fb29e0222', 'Garden', 'Outdoor garden reservation spaces'),
  ('23e0c4f4-18d8-4eff-bc05-435f4eaf927e', 'Beach House', 'Coastal short-stay venues'),
  ('2497554b-7dec-4a16-9c89-368774481474', 'Banquet Hall', 'Large indoor event halls'),
  ('322f90dd-876c-4f66-9cc2-7384bbaa4f11', 'Meeting Room', 'Small business meeting spaces'),
  ('9fe8c4af-b028-40c8-9deb-d005cdaaea46', 'Sports Court', 'Reservable courts and sports surfaces'),
  ('28113339-21e0-4bc9-ade6-1d8570e60779', 'Studio', 'Photo, video, and creative studios'),
  ('17a4cb14-b198-4d8d-a639-a73891d5cfd5', 'Lounge', 'Private lounge reservations'),
  ('1c77d5e6-37c6-4445-b80e-becae9bb4400', 'Terrace', 'Open-air terrace spaces'),
  ('c175ac0d-e421-40c2-afc4-61065f39f0c1', 'Cabin', 'Small cabin stays'),
  ('4e3223d2-3938-4fb1-b9e7-a39ea26dd538', 'Farmhouse', 'Rural farmhouse reservations'),
  ('fbaea63b-9f74-49d9-a2c9-8e1bf4dcab1d', 'Conference Hall', 'Corporate event halls'),
  ('1c190996-76c0-49d4-b641-3628f1d2af95', 'Kids Area', 'Children activity spaces'),
  ('a7ecc460-7e1b-443e-8e4f-bebee5f68222', 'Spa Room', 'Wellness and spa rooms'),
  ('bf75bbc7-1932-42c4-9a4e-609c13b09927', 'Fitness Space', 'Private gym or class spaces'),
  ('7240e9c9-a4e7-49ad-b0df-5ba0b351d586', 'Coworking Room', 'Shared work rooms'),
  ('df8f07a1-9ba8-4244-befa-dfdbab9fb96e', 'Cinema Room', 'Private screening rooms'),
  ('17d29f94-e0f2-4cb1-93be-48f97ebf3365', 'Dining Room', 'Private dining spaces'),
  ('fda2cfd7-92e0-407f-a39b-33020a96d000', 'Wedding Hall', 'Wedding-ready spaces'),
  ('dd3ec220-3356-4467-b2de-bc89eb445e67', 'Workshop Room', 'Training and workshop rooms'),
  ('54c04845-37ce-425e-95f9-46b25a75d8df', 'Gallery', 'Art and exhibition spaces'),
  ('12d7f72a-440b-43db-9e95-556b2ad607cf', 'Music Room', 'Practice or performance rooms'),
  ('185ce5b3-4573-476f-babc-10122ee4b590', 'Lake House', 'Lake-side reservations'),
  ('45498967-20cc-4fca-922f-e474a1a6db84', 'Mountain House', 'Mountain retreat venues'),
  ('a54a2e3b-55c2-46db-b31c-9f512127c949', 'Clubhouse', 'Private club spaces'),
  ('c7221665-7808-4acb-bae0-0c4d00b16cba', 'Playground', 'Outdoor play areas');

INSERT INTO venues (id, name, type_id, assigned_user_id, description, created_by_id) VALUES
  ('be18bf1c-3729-40bf-ac38-033915867c9d', 'Admin Private Pool', '541e7bd9-0e3f-40bb-aeb0-beccf64fa715', 'e5b0b7e0-109f-4171-a0ce-3462fa5f5a97', 'Calendar controlled directly by the superadmin.', 'e5b0b7e0-109f-4171-a0ce-3462fa5f5a97'),
  ('10fd3042-ff41-4631-9812-e434edead7a7', 'Maya Garden Pool', '541e7bd9-0e3f-40bb-aeb0-beccf64fa715', 'fcf6a6fa-64a8-47d6-863f-5e96a8bc050a', 'Owner-managed pool with approval required for superadmin requests.', 'e5b0b7e0-109f-4171-a0ce-3462fa5f5a97'),
  ('d970bea7-8a5f-4304-bcb9-cce9e3f74c3a', 'Cedars Weekend Chalet', '66b741f8-ee3e-4568-8b21-d05964521bfb', 'fcf6a6fa-64a8-47d6-863f-5e96a8bc050a', 'Two-bedroom chalet with weekend reservations.', 'e5b0b7e0-109f-4171-a0ce-3462fa5f5a97'),
  ('74f4c3d0-d136-4ad6-b18a-693896ced943', 'Karim Rooftop Venue', 'de2dc41e-8bea-4a4d-8141-9487ca3e5ce1', '90fd7b94-a197-41cf-b52c-aed011555197', 'Rooftop venue for private events.', 'e5b0b7e0-109f-4171-a0ce-3462fa5f5a97'),
  ('48d96970-ef91-4b3f-9d34-1f4e201e9656', 'Karim Seaside Villa', '682b0573-e2d9-47cc-8ebf-ff4e55fe7694', '90fd7b94-a197-41cf-b52c-aed011555197', 'Villa calendar assigned to Karim.', 'e5b0b7e0-109f-4171-a0ce-3462fa5f5a97'),
  ('0eaab36c-2e57-447b-9aab-d8f7956a5f81', 'Lina Sunset Terrace', '1c77d5e6-37c6-4445-b80e-becae9bb4400', '1be5927f-27ea-4946-b263-202c7cc9afe8', 'Sunset terrace for evening bookings.', 'e5b0b7e0-109f-4171-a0ce-3462fa5f5a97'),
  ('77d8c39e-e9c5-4126-a35c-c845c8d84fe8', 'Omar Downtown Hall', '2497554b-7dec-4a16-9c89-368774481474', 'e3f667c5-13dd-438a-b8cf-23be61ffead2', 'Central hall for business events.', 'e5b0b7e0-109f-4171-a0ce-3462fa5f5a97'),
  ('39561934-a0c4-4e1c-9e4a-26d253222ad4', 'Rana Pine Cabin', 'c175ac0d-e421-40c2-afc4-61065f39f0c1', '732db535-7f20-4ad6-805b-67415edaabab', 'Quiet cabin near the pine forest.', 'e5b0b7e0-109f-4171-a0ce-3462fa5f5a97'),
  ('e79b7833-2b63-4ceb-8751-cb12c41da4e9', 'Ziad Garden Lounge', '442a855e-c688-4bd0-9f6e-7a8fb29e0222', '3a7c6ec6-b26f-4926-bd31-705ac3f6d401', 'Garden lounge with weekend availability.', 'e5b0b7e0-109f-4171-a0ce-3462fa5f5a97'),
  ('1d4316fe-12ad-49e0-be97-1b7cbff411bd', 'Nour Beach House', '23e0c4f4-18d8-4eff-bc05-435f4eaf927e', 'ee7fac20-6a65-4102-ac17-66b3a16c6b4b', 'Beachfront house with private access.', 'e5b0b7e0-109f-4171-a0ce-3462fa5f5a97'),
  ('31bd49c6-f72a-493b-9fc3-3a64e0712922', 'Tarek Sports Court', '9fe8c4af-b028-40c8-9deb-d005cdaaea46', '72c19f78-e95b-48f4-bd86-630f5c2918d3', 'Multi-use sports court.', 'e5b0b7e0-109f-4171-a0ce-3462fa5f5a97'),
  ('4fa21d9a-45c6-4b05-b2c4-0342b1cec8b2', 'Hala Workshop Room', 'dd3ec220-3356-4467-b2de-bc89eb445e67', '8dce6303-7a8a-49ae-b46a-a52cf6c6c907', 'Training room for teams.', 'e5b0b7e0-109f-4171-a0ce-3462fa5f5a97'),
  ('c60a8751-d665-4d83-a870-04cd7fa998c7', 'Fadi Music Studio', '12d7f72a-440b-43db-9e95-556b2ad607cf', '1219815e-1a80-44b7-861c-418c77757a50', 'Sound-treated music room.', 'e5b0b7e0-109f-4171-a0ce-3462fa5f5a97'),
  ('537a75ab-31f8-4105-8880-f6e37df11e57', 'Mira Gallery Space', '54c04845-37ce-425e-95f9-46b25a75d8df', '5b6e5beb-4fbf-44e9-a7b5-a77497a45ea1', 'Gallery for small exhibitions.', 'e5b0b7e0-109f-4171-a0ce-3462fa5f5a97'),
  ('b72ffdb1-fcf5-4915-a958-d27533a65e51', 'Samir Farmhouse', '4e3223d2-3938-4fb1-b9e7-a39ea26dd538', '96145ab9-0f38-4653-b91b-9284de242429', 'Farmhouse with outdoor seating.', 'e5b0b7e0-109f-4171-a0ce-3462fa5f5a97'),
  ('402cc28a-a327-4b7e-8d1b-02605d1591fd', 'Yara Dining Room', '17d29f94-e0f2-4cb1-93be-48f97ebf3365', '31c5b1ab-2175-480f-8e16-ac4fd1763738', 'Private dining room for groups.', 'e5b0b7e0-109f-4171-a0ce-3462fa5f5a97'),
  ('428d5a64-60ec-4792-bbc0-a9b53e5bdd86', 'Nabil Conference Hall', 'fbaea63b-9f74-49d9-a2c9-8e1bf4dcab1d', '92fbb5ef-135f-403e-a13d-dac9b350068e', 'Conference hall with projector setup.', 'e5b0b7e0-109f-4171-a0ce-3462fa5f5a97'),
  ('6eba5cbf-14d7-421e-a35e-6fbfa03ded6b', 'Dina Spa Suite', 'a7ecc460-7e1b-443e-8e4f-bebee5f68222', 'aeb20755-a6bd-481a-851a-d7a9d8276e77', 'Spa room for wellness bookings.', 'e5b0b7e0-109f-4171-a0ce-3462fa5f5a97'),
  ('8c368152-365a-44ba-81e7-530a9444901b', 'Elias Fitness Room', 'bf75bbc7-1932-42c4-9a4e-609c13b09927', '0338a7c7-2e12-4509-9da0-df1f36c9d791', 'Fitness class reservation room.', 'e5b0b7e0-109f-4171-a0ce-3462fa5f5a97'),
  ('6038ebd4-e9aa-4f53-a00a-34f619cb96c9', 'Sara Cinema Room', 'df8f07a1-9ba8-4244-befa-dfdbab9fb96e', '56de6830-0ffb-4d21-b8e0-ee563e33587c', 'Private cinema experience.', 'e5b0b7e0-109f-4171-a0ce-3462fa5f5a97'),
  ('22029a92-3bbd-4c89-84ba-bf19b8d58b2d', 'Hadi Clubhouse', 'a54a2e3b-55c2-46db-b31c-9f512127c949', '7b61873d-0127-48bb-aa28-5d594f9e469e', 'Clubhouse event room.', 'e5b0b7e0-109f-4171-a0ce-3462fa5f5a97'),
  ('9f237662-026d-4995-a0c4-09b4c8a5eeaf', 'Lea Lake House', '185ce5b3-4573-476f-babc-10122ee4b590', '795936e5-82d8-4d27-85a3-839cda8ba6ca', 'Lake-side stay calendar.', 'e5b0b7e0-109f-4171-a0ce-3462fa5f5a97'),
  ('38db9430-b152-4218-8ffd-87d99a473c40', 'Rami Mountain House', '45498967-20cc-4fca-922f-e474a1a6db84', '5098a6da-7dec-4220-947b-a6c3dc69b39d', 'Mountain retreat calendar.', 'e5b0b7e0-109f-4171-a0ce-3462fa5f5a97'),
  ('9527fbbc-1322-401a-aa7c-d5ebae62bc0d', 'Celine Coworking Room', '7240e9c9-a4e7-49ad-b0df-5ba0b351d586', '906a24ec-9205-4782-a743-142edaf8e06d', 'Work room with hourly availability.', 'e5b0b7e0-109f-4171-a0ce-3462fa5f5a97'),
  ('e623aef1-7eda-499d-a6bf-00b96e990f1d', 'Joseph Wedding Hall', 'fda2cfd7-92e0-407f-a39b-33020a96d000', '014bf64f-122c-4ca0-91e1-26fb448d1c1a', 'Wedding hall calendar.', 'e5b0b7e0-109f-4171-a0ce-3462fa5f5a97'),
  ('0a4f516f-9416-49c3-a020-8298d4a7d9dd', 'Mariam Playground', 'c7221665-7808-4acb-bae0-0c4d00b16cba', 'b6416406-f887-4faa-9b47-60b7f156107a', 'Outdoor playground bookings.', 'e5b0b7e0-109f-4171-a0ce-3462fa5f5a97'),
  ('27bbc032-4a64-457f-96d3-522f42024d9b', 'Tony Rooftop Garden', '47275442-978b-402e-8724-3ff33e574c40', 'bf41d302-c2ba-49d5-b08f-787ae5d44403', 'Rooftop garden space.', 'e5b0b7e0-109f-4171-a0ce-3462fa5f5a97'),
  ('96a655f9-da5f-45cc-bdbb-5ad3502c87a5', 'Nadine Kids Area', '1c190996-76c0-49d4-b641-3628f1d2af95', 'bd24de27-12c3-486b-a335-b55c3677ff50', 'Kids area for birthday events.', 'e5b0b7e0-109f-4171-a0ce-3462fa5f5a97'),
  ('4cd3f0ab-b1b1-4905-b75a-f77f91808201', 'Bassel Creative Studio', '28113339-21e0-4bc9-ade6-1d8570e60779', '437f45b7-1226-48f7-9add-3b97b087b8bb', 'Creative studio and content space.', 'e5b0b7e0-109f-4171-a0ce-3462fa5f5a97'),
  ('d6cbd4c9-15cf-410a-9f05-2ebe8338ac05', 'Carla Private Lounge', '17a4cb14-b198-4d8d-a639-a73891d5cfd5', 'd12037c8-803a-4168-a92e-77c392c41e77', 'Private lounge calendar.', 'e5b0b7e0-109f-4171-a0ce-3462fa5f5a97');

INSERT INTO calendar_entries (id, venue_id, reservation_date, status, note, created_by_id, updated_by_id) VALUES
  ('0894c3a8-90d9-4019-bb28-2f01c6505791', 'be18bf1c-3729-40bf-ac38-033915867c9d', CURRENT_DATE + 1, 'booked', 'Confirmed booking for Admin Private Pool', 'e5b0b7e0-109f-4171-a0ce-3462fa5f5a97', 'e5b0b7e0-109f-4171-a0ce-3462fa5f5a97'),
  ('f950aa21-35c6-4842-ada2-7080f6b1a807', '10fd3042-ff41-4631-9812-e434edead7a7', CURRENT_DATE + 2, 'available', 'Open operating day for Maya Garden Pool', 'fcf6a6fa-64a8-47d6-863f-5e96a8bc050a', 'fcf6a6fa-64a8-47d6-863f-5e96a8bc050a'),
  ('3ed19fdd-bc1f-44ee-abda-d9b1eea8baea', 'd970bea7-8a5f-4304-bcb9-cce9e3f74c3a', CURRENT_DATE + 3, 'available', 'Open operating day for Cedars Weekend Chalet', 'fcf6a6fa-64a8-47d6-863f-5e96a8bc050a', 'fcf6a6fa-64a8-47d6-863f-5e96a8bc050a'),
  ('f8bb7ee3-73e6-4bb6-9d50-443dd8169bd5', '74f4c3d0-d136-4ad6-b18a-693896ced943', CURRENT_DATE + 4, 'booked', 'Confirmed booking for Karim Rooftop Venue', '90fd7b94-a197-41cf-b52c-aed011555197', '90fd7b94-a197-41cf-b52c-aed011555197'),
  ('011ba15e-6f56-44e7-869f-92431abaab93', '48d96970-ef91-4b3f-9d34-1f4e201e9656', CURRENT_DATE + 5, 'available', 'Open operating day for Karim Seaside Villa', '90fd7b94-a197-41cf-b52c-aed011555197', '90fd7b94-a197-41cf-b52c-aed011555197'),
  ('52bf0410-23d5-4557-a113-09a160b7666b', '0eaab36c-2e57-447b-9aab-d8f7956a5f81', CURRENT_DATE + 6, 'available', 'Open operating day for Lina Sunset Terrace', '1be5927f-27ea-4946-b263-202c7cc9afe8', '1be5927f-27ea-4946-b263-202c7cc9afe8'),
  ('e2455038-ca6b-4b62-afbd-3018ea0aad5d', '77d8c39e-e9c5-4126-a35c-c845c8d84fe8', CURRENT_DATE + 7, 'booked', 'Confirmed booking for Omar Downtown Hall', 'e3f667c5-13dd-438a-b8cf-23be61ffead2', 'e3f667c5-13dd-438a-b8cf-23be61ffead2'),
  ('f985a951-87e9-4c11-bc89-ab0735602ac7', '39561934-a0c4-4e1c-9e4a-26d253222ad4', CURRENT_DATE + 8, 'available', 'Open operating day for Rana Pine Cabin', '732db535-7f20-4ad6-805b-67415edaabab', '732db535-7f20-4ad6-805b-67415edaabab'),
  ('382b5a97-0795-492b-a28e-6a78e8fdfe2b', 'e79b7833-2b63-4ceb-8751-cb12c41da4e9', CURRENT_DATE + 9, 'available', 'Open operating day for Ziad Garden Lounge', '3a7c6ec6-b26f-4926-bd31-705ac3f6d401', '3a7c6ec6-b26f-4926-bd31-705ac3f6d401'),
  ('825bd162-81a9-46bc-a0de-0294a282bb39', '1d4316fe-12ad-49e0-be97-1b7cbff411bd', CURRENT_DATE + 10, 'booked', 'Confirmed booking for Nour Beach House', 'ee7fac20-6a65-4102-ac17-66b3a16c6b4b', 'ee7fac20-6a65-4102-ac17-66b3a16c6b4b'),
  ('9ddead0f-0385-4348-ba9d-484cd1c5eaab', '31bd49c6-f72a-493b-9fc3-3a64e0712922', CURRENT_DATE + 11, 'available', 'Open operating day for Tarek Sports Court', '72c19f78-e95b-48f4-bd86-630f5c2918d3', '72c19f78-e95b-48f4-bd86-630f5c2918d3'),
  ('e0267425-8a7b-4928-a607-1fbce4c5a27d', '4fa21d9a-45c6-4b05-b2c4-0342b1cec8b2', CURRENT_DATE + 12, 'available', 'Open operating day for Hala Workshop Room', '8dce6303-7a8a-49ae-b46a-a52cf6c6c907', '8dce6303-7a8a-49ae-b46a-a52cf6c6c907'),
  ('a38f2b24-57d1-46d3-8f0e-12563bca40f6', 'c60a8751-d665-4d83-a870-04cd7fa998c7', CURRENT_DATE + 13, 'booked', 'Confirmed booking for Fadi Music Studio', '1219815e-1a80-44b7-861c-418c77757a50', '1219815e-1a80-44b7-861c-418c77757a50'),
  ('630a0efb-a060-4dba-be41-4e566d15636b', '537a75ab-31f8-4105-8880-f6e37df11e57', CURRENT_DATE + 14, 'available', 'Open operating day for Mira Gallery Space', '5b6e5beb-4fbf-44e9-a7b5-a77497a45ea1', '5b6e5beb-4fbf-44e9-a7b5-a77497a45ea1'),
  ('402b9904-ac3f-4458-a390-770b61ea2944', 'b72ffdb1-fcf5-4915-a958-d27533a65e51', CURRENT_DATE + 15, 'available', 'Open operating day for Samir Farmhouse', '96145ab9-0f38-4653-b91b-9284de242429', '96145ab9-0f38-4653-b91b-9284de242429'),
  ('7e016f21-50c4-49ff-bbe2-986ea2f0336f', '402cc28a-a327-4b7e-8d1b-02605d1591fd', CURRENT_DATE + 16, 'booked', 'Confirmed booking for Yara Dining Room', '31c5b1ab-2175-480f-8e16-ac4fd1763738', '31c5b1ab-2175-480f-8e16-ac4fd1763738'),
  ('de056067-9339-4dba-8d3b-ed6269c6ee4d', '428d5a64-60ec-4792-bbc0-a9b53e5bdd86', CURRENT_DATE + 17, 'available', 'Open operating day for Nabil Conference Hall', '92fbb5ef-135f-403e-a13d-dac9b350068e', '92fbb5ef-135f-403e-a13d-dac9b350068e'),
  ('7bc473be-6dc9-4191-93d9-b26aa07dc6f9', '6eba5cbf-14d7-421e-a35e-6fbfa03ded6b', CURRENT_DATE + 18, 'available', 'Open operating day for Dina Spa Suite', 'aeb20755-a6bd-481a-851a-d7a9d8276e77', 'aeb20755-a6bd-481a-851a-d7a9d8276e77'),
  ('5d56515e-179d-46e6-8b6a-8d97f343eda2', '8c368152-365a-44ba-81e7-530a9444901b', CURRENT_DATE + 19, 'booked', 'Confirmed booking for Elias Fitness Room', '0338a7c7-2e12-4509-9da0-df1f36c9d791', '0338a7c7-2e12-4509-9da0-df1f36c9d791'),
  ('076606b6-a220-4770-9b5e-255932aec2e1', '6038ebd4-e9aa-4f53-a00a-34f619cb96c9', CURRENT_DATE + 20, 'available', 'Open operating day for Sara Cinema Room', '56de6830-0ffb-4d21-b8e0-ee563e33587c', '56de6830-0ffb-4d21-b8e0-ee563e33587c'),
  ('7b199e1c-bfa0-4412-9bb4-a04823480a06', '22029a92-3bbd-4c89-84ba-bf19b8d58b2d', CURRENT_DATE + 1, 'available', 'Open operating day for Hadi Clubhouse', '7b61873d-0127-48bb-aa28-5d594f9e469e', '7b61873d-0127-48bb-aa28-5d594f9e469e'),
  ('a243d9b5-fda1-433e-baf4-d4901d4980d9', '9f237662-026d-4995-a0c4-09b4c8a5eeaf', CURRENT_DATE + 2, 'booked', 'Confirmed booking for Lea Lake House', '795936e5-82d8-4d27-85a3-839cda8ba6ca', '795936e5-82d8-4d27-85a3-839cda8ba6ca'),
  ('c92e606b-c630-4ea3-abc1-cf463f059f4a', '38db9430-b152-4218-8ffd-87d99a473c40', CURRENT_DATE + 3, 'available', 'Open operating day for Rami Mountain House', '5098a6da-7dec-4220-947b-a6c3dc69b39d', '5098a6da-7dec-4220-947b-a6c3dc69b39d'),
  ('4fc4d152-6f75-4989-ad89-124d523ef5b5', '9527fbbc-1322-401a-aa7c-d5ebae62bc0d', CURRENT_DATE + 4, 'available', 'Open operating day for Celine Coworking Room', '906a24ec-9205-4782-a743-142edaf8e06d', '906a24ec-9205-4782-a743-142edaf8e06d'),
  ('9f3a31de-6407-4eab-b726-55a2b120618c', 'e623aef1-7eda-499d-a6bf-00b96e990f1d', CURRENT_DATE + 5, 'booked', 'Confirmed booking for Joseph Wedding Hall', '014bf64f-122c-4ca0-91e1-26fb448d1c1a', '014bf64f-122c-4ca0-91e1-26fb448d1c1a'),
  ('78e15d68-4c4d-40cf-9de6-9ff465db8ce1', '0a4f516f-9416-49c3-a020-8298d4a7d9dd', CURRENT_DATE + 6, 'available', 'Open operating day for Mariam Playground', 'b6416406-f887-4faa-9b47-60b7f156107a', 'b6416406-f887-4faa-9b47-60b7f156107a'),
  ('3fab063c-194e-4359-ab02-963456d0111f', '27bbc032-4a64-457f-96d3-522f42024d9b', CURRENT_DATE + 7, 'available', 'Open operating day for Tony Rooftop Garden', 'bf41d302-c2ba-49d5-b08f-787ae5d44403', 'bf41d302-c2ba-49d5-b08f-787ae5d44403'),
  ('8e2ccede-2262-488d-9761-ab6c0d60ff04', '96a655f9-da5f-45cc-bdbb-5ad3502c87a5', CURRENT_DATE + 8, 'booked', 'Confirmed booking for Nadine Kids Area', 'bd24de27-12c3-486b-a335-b55c3677ff50', 'bd24de27-12c3-486b-a335-b55c3677ff50'),
  ('abc448d0-f32f-4bce-807d-3765edc34f27', '4cd3f0ab-b1b1-4905-b75a-f77f91808201', CURRENT_DATE + 9, 'available', 'Open operating day for Bassel Creative Studio', '437f45b7-1226-48f7-9add-3b97b087b8bb', '437f45b7-1226-48f7-9add-3b97b087b8bb'),
  ('21e64e5b-ddaf-450c-8474-9b5697b8fab1', 'd6cbd4c9-15cf-410a-9f05-2ebe8338ac05', CURRENT_DATE + 10, 'available', 'Open operating day for Carla Private Lounge', 'd12037c8-803a-4168-a92e-77c392c41e77', 'd12037c8-803a-4168-a92e-77c392c41e77');

INSERT INTO change_requests (id, venue_id, reservation_date, requested_status, requested_note, previous_status, previous_note, requested_by_id, owner_id, status, decided_by_id, decided_at, decision_note, created_at, updated_at) VALUES
  ('2e572820-3a59-4693-960d-f0565638c11c', '10fd3042-ff41-4631-9812-e434edead7a7', CURRENT_DATE + 3, 'booked', 'Pending request 1 for Maya Garden Pool', NULL, NULL, 'e5b0b7e0-109f-4171-a0ce-3462fa5f5a97', 'fcf6a6fa-64a8-47d6-863f-5e96a8bc050a', 'pending', NULL, NULL, '', now() - interval '0 days', now()),
  ('bc19a786-ae80-4c44-87bf-c4641a1cae4e', 'd970bea7-8a5f-4304-bcb9-cce9e3f74c3a', CURRENT_DATE + 4, 'available', 'Historical request 2 for Cedars Weekend Chalet', 'booked', 'Previous booked note', 'e5b0b7e0-109f-4171-a0ce-3462fa5f5a97', 'fcf6a6fa-64a8-47d6-863f-5e96a8bc050a', 'approved', 'fcf6a6fa-64a8-47d6-863f-5e96a8bc050a', now() - interval '1 hours', 'approved after owner review', now() - interval '1 days', now()),
  ('44d12f42-c0db-4b81-912a-1b5e90620193', '74f4c3d0-d136-4ad6-b18a-693896ced943', CURRENT_DATE + 5, 'booked', 'Historical request 3 for Karim Rooftop Venue', 'available', 'Previous available note', 'e5b0b7e0-109f-4171-a0ce-3462fa5f5a97', '90fd7b94-a197-41cf-b52c-aed011555197', 'rejected', '90fd7b94-a197-41cf-b52c-aed011555197', now() - interval '2 hours', 'rejected after owner review', now() - interval '2 days', now()),
  ('3ef121ac-bd81-4cd6-a00b-6e2adf71f130', '48d96970-ef91-4b3f-9d34-1f4e201e9656', CURRENT_DATE + 6, 'available', 'Pending request 4 for Karim Seaside Villa', 'booked', 'Previous booked note', 'e5b0b7e0-109f-4171-a0ce-3462fa5f5a97', '90fd7b94-a197-41cf-b52c-aed011555197', 'pending', NULL, NULL, '', now() - interval '3 days', now()),
  ('128e6507-44f8-4894-a7ef-07634df8d4ac', '0eaab36c-2e57-447b-9aab-d8f7956a5f81', CURRENT_DATE + 7, 'booked', 'Historical request 5 for Lina Sunset Terrace', NULL, NULL, 'e5b0b7e0-109f-4171-a0ce-3462fa5f5a97', '1be5927f-27ea-4946-b263-202c7cc9afe8', 'approved', '1be5927f-27ea-4946-b263-202c7cc9afe8', now() - interval '4 hours', 'approved after owner review', now() - interval '4 days', now()),
  ('ff82c609-d608-4124-800a-8d90f3ce43ee', '77d8c39e-e9c5-4126-a35c-c845c8d84fe8', CURRENT_DATE + 8, 'available', 'Historical request 6 for Omar Downtown Hall', 'booked', 'Previous booked note', 'e5b0b7e0-109f-4171-a0ce-3462fa5f5a97', 'e3f667c5-13dd-438a-b8cf-23be61ffead2', 'rejected', 'e3f667c5-13dd-438a-b8cf-23be61ffead2', now() - interval '5 hours', 'rejected after owner review', now() - interval '5 days', now()),
  ('9021811b-e1c9-4024-9932-301437d65dc7', '39561934-a0c4-4e1c-9e4a-26d253222ad4', CURRENT_DATE + 9, 'booked', 'Pending request 7 for Rana Pine Cabin', 'available', 'Previous available note', 'e5b0b7e0-109f-4171-a0ce-3462fa5f5a97', '732db535-7f20-4ad6-805b-67415edaabab', 'pending', NULL, NULL, '', now() - interval '6 days', now()),
  ('6f066760-51a2-4b87-bd02-41c233b30900', 'e79b7833-2b63-4ceb-8751-cb12c41da4e9', CURRENT_DATE + 10, 'available', 'Historical request 8 for Ziad Garden Lounge', 'booked', 'Previous booked note', 'e5b0b7e0-109f-4171-a0ce-3462fa5f5a97', '3a7c6ec6-b26f-4926-bd31-705ac3f6d401', 'approved', '3a7c6ec6-b26f-4926-bd31-705ac3f6d401', now() - interval '7 hours', 'approved after owner review', now() - interval '7 days', now()),
  ('50b3400f-653a-46ca-8642-db8296146cad', '1d4316fe-12ad-49e0-be97-1b7cbff411bd', CURRENT_DATE + 11, 'booked', 'Historical request 9 for Nour Beach House', NULL, NULL, 'e5b0b7e0-109f-4171-a0ce-3462fa5f5a97', 'ee7fac20-6a65-4102-ac17-66b3a16c6b4b', 'rejected', 'ee7fac20-6a65-4102-ac17-66b3a16c6b4b', now() - interval '8 hours', 'rejected after owner review', now() - interval '8 days', now()),
  ('d816cc3f-74ad-4d0e-869f-1bf820f4f002', '31bd49c6-f72a-493b-9fc3-3a64e0712922', CURRENT_DATE + 12, 'available', 'Pending request 10 for Tarek Sports Court', 'booked', 'Previous booked note', 'e5b0b7e0-109f-4171-a0ce-3462fa5f5a97', '72c19f78-e95b-48f4-bd86-630f5c2918d3', 'pending', NULL, NULL, '', now() - interval '9 days', now()),
  ('fac5afce-364b-42b0-a5c7-f6e3758eda7a', '4fa21d9a-45c6-4b05-b2c4-0342b1cec8b2', CURRENT_DATE + 13, 'booked', 'Historical request 11 for Hala Workshop Room', 'available', 'Previous available note', 'e5b0b7e0-109f-4171-a0ce-3462fa5f5a97', '8dce6303-7a8a-49ae-b46a-a52cf6c6c907', 'approved', '8dce6303-7a8a-49ae-b46a-a52cf6c6c907', now() - interval '10 hours', 'approved after owner review', now() - interval '10 days', now()),
  ('29fa9a1e-c95a-401b-952c-c753eb7f49bc', 'c60a8751-d665-4d83-a870-04cd7fa998c7', CURRENT_DATE + 14, 'available', 'Historical request 12 for Fadi Music Studio', 'booked', 'Previous booked note', 'e5b0b7e0-109f-4171-a0ce-3462fa5f5a97', '1219815e-1a80-44b7-861c-418c77757a50', 'rejected', '1219815e-1a80-44b7-861c-418c77757a50', now() - interval '11 hours', 'rejected after owner review', now() - interval '11 days', now()),
  ('3a0a330d-b22d-477f-b735-6c602ea1096f', '537a75ab-31f8-4105-8880-f6e37df11e57', CURRENT_DATE + 15, 'booked', 'Pending request 13 for Mira Gallery Space', NULL, NULL, 'e5b0b7e0-109f-4171-a0ce-3462fa5f5a97', '5b6e5beb-4fbf-44e9-a7b5-a77497a45ea1', 'pending', NULL, NULL, '', now() - interval '12 days', now()),
  ('3e76d15c-8719-4a8d-a2d7-5bc27bb8a260', 'b72ffdb1-fcf5-4915-a958-d27533a65e51', CURRENT_DATE + 16, 'available', 'Historical request 14 for Samir Farmhouse', 'booked', 'Previous booked note', 'e5b0b7e0-109f-4171-a0ce-3462fa5f5a97', '96145ab9-0f38-4653-b91b-9284de242429', 'approved', '96145ab9-0f38-4653-b91b-9284de242429', now() - interval '13 hours', 'approved after owner review', now() - interval '13 days', now()),
  ('d1b59a7d-92b1-487f-b5c6-f018c5625af0', '402cc28a-a327-4b7e-8d1b-02605d1591fd', CURRENT_DATE + 17, 'booked', 'Historical request 15 for Yara Dining Room', 'available', 'Previous available note', 'e5b0b7e0-109f-4171-a0ce-3462fa5f5a97', '31c5b1ab-2175-480f-8e16-ac4fd1763738', 'rejected', '31c5b1ab-2175-480f-8e16-ac4fd1763738', now() - interval '14 hours', 'rejected after owner review', now() - interval '14 days', now()),
  ('aa5f87c6-187d-468d-9c2a-a3f76a4efd98', '428d5a64-60ec-4792-bbc0-a9b53e5bdd86', CURRENT_DATE + 18, 'available', 'Pending request 16 for Nabil Conference Hall', 'booked', 'Previous booked note', 'e5b0b7e0-109f-4171-a0ce-3462fa5f5a97', '92fbb5ef-135f-403e-a13d-dac9b350068e', 'pending', NULL, NULL, '', now() - interval '15 days', now()),
  ('2849ea55-781d-40e3-a9df-5fd6891586f3', '6eba5cbf-14d7-421e-a35e-6fbfa03ded6b', CURRENT_DATE + 19, 'booked', 'Historical request 17 for Dina Spa Suite', NULL, NULL, 'e5b0b7e0-109f-4171-a0ce-3462fa5f5a97', 'aeb20755-a6bd-481a-851a-d7a9d8276e77', 'approved', 'aeb20755-a6bd-481a-851a-d7a9d8276e77', now() - interval '16 hours', 'approved after owner review', now() - interval '16 days', now()),
  ('77767d39-77b3-47a7-a56b-e20002f042ad', '8c368152-365a-44ba-81e7-530a9444901b', CURRENT_DATE + 20, 'available', 'Historical request 18 for Elias Fitness Room', 'booked', 'Previous booked note', 'e5b0b7e0-109f-4171-a0ce-3462fa5f5a97', '0338a7c7-2e12-4509-9da0-df1f36c9d791', 'rejected', '0338a7c7-2e12-4509-9da0-df1f36c9d791', now() - interval '17 hours', 'rejected after owner review', now() - interval '17 days', now()),
  ('d87024e0-18f9-4667-834e-88770d10cf36', '6038ebd4-e9aa-4f53-a00a-34f619cb96c9', CURRENT_DATE + 21, 'booked', 'Pending request 19 for Sara Cinema Room', 'available', 'Previous available note', 'e5b0b7e0-109f-4171-a0ce-3462fa5f5a97', '56de6830-0ffb-4d21-b8e0-ee563e33587c', 'pending', NULL, NULL, '', now() - interval '18 days', now()),
  ('251e1dc7-3ef2-401d-bdd7-89d4977499de', '22029a92-3bbd-4c89-84ba-bf19b8d58b2d', CURRENT_DATE + 22, 'available', 'Historical request 20 for Hadi Clubhouse', 'booked', 'Previous booked note', 'e5b0b7e0-109f-4171-a0ce-3462fa5f5a97', '7b61873d-0127-48bb-aa28-5d594f9e469e', 'approved', '7b61873d-0127-48bb-aa28-5d594f9e469e', now() - interval '19 hours', 'approved after owner review', now() - interval '19 days', now()),
  ('b39fa5cd-81fc-4c52-a225-86be6e716e34', '9f237662-026d-4995-a0c4-09b4c8a5eeaf', CURRENT_DATE + 23, 'booked', 'Historical request 21 for Lea Lake House', NULL, NULL, 'e5b0b7e0-109f-4171-a0ce-3462fa5f5a97', '795936e5-82d8-4d27-85a3-839cda8ba6ca', 'rejected', '795936e5-82d8-4d27-85a3-839cda8ba6ca', now() - interval '20 hours', 'rejected after owner review', now() - interval '20 days', now()),
  ('ec1c1774-e488-45f7-a6ee-b2dffb8ea984', '38db9430-b152-4218-8ffd-87d99a473c40', CURRENT_DATE + 24, 'available', 'Pending request 22 for Rami Mountain House', 'booked', 'Previous booked note', 'e5b0b7e0-109f-4171-a0ce-3462fa5f5a97', '5098a6da-7dec-4220-947b-a6c3dc69b39d', 'pending', NULL, NULL, '', now() - interval '21 days', now()),
  ('01c6bc03-1a8c-4287-a66d-4b664a898ed8', '9527fbbc-1322-401a-aa7c-d5ebae62bc0d', CURRENT_DATE + 25, 'booked', 'Historical request 23 for Celine Coworking Room', 'available', 'Previous available note', 'e5b0b7e0-109f-4171-a0ce-3462fa5f5a97', '906a24ec-9205-4782-a743-142edaf8e06d', 'approved', '906a24ec-9205-4782-a743-142edaf8e06d', now() - interval '22 hours', 'approved after owner review', now() - interval '22 days', now()),
  ('a441e154-092c-4e69-bee0-1e630943484e', 'e623aef1-7eda-499d-a6bf-00b96e990f1d', CURRENT_DATE + 26, 'available', 'Historical request 24 for Joseph Wedding Hall', 'booked', 'Previous booked note', 'e5b0b7e0-109f-4171-a0ce-3462fa5f5a97', '014bf64f-122c-4ca0-91e1-26fb448d1c1a', 'rejected', '014bf64f-122c-4ca0-91e1-26fb448d1c1a', now() - interval '23 hours', 'rejected after owner review', now() - interval '23 days', now()),
  ('eb04bf98-7e47-44bb-bd73-764f0960b324', '0a4f516f-9416-49c3-a020-8298d4a7d9dd', CURRENT_DATE + 27, 'booked', 'Pending request 25 for Mariam Playground', NULL, NULL, 'e5b0b7e0-109f-4171-a0ce-3462fa5f5a97', 'b6416406-f887-4faa-9b47-60b7f156107a', 'pending', NULL, NULL, '', now() - interval '24 days', now()),
  ('2659aa60-0327-456c-93c7-ab293c402943', '27bbc032-4a64-457f-96d3-522f42024d9b', CURRENT_DATE + 28, 'available', 'Historical request 26 for Tony Rooftop Garden', 'booked', 'Previous booked note', 'e5b0b7e0-109f-4171-a0ce-3462fa5f5a97', 'bf41d302-c2ba-49d5-b08f-787ae5d44403', 'approved', 'bf41d302-c2ba-49d5-b08f-787ae5d44403', now() - interval '25 hours', 'approved after owner review', now() - interval '25 days', now()),
  ('7f31111a-3ead-4680-afd1-e2d797f42d95', '96a655f9-da5f-45cc-bdbb-5ad3502c87a5', CURRENT_DATE + 29, 'booked', 'Historical request 27 for Nadine Kids Area', 'available', 'Previous available note', 'e5b0b7e0-109f-4171-a0ce-3462fa5f5a97', 'bd24de27-12c3-486b-a335-b55c3677ff50', 'rejected', 'bd24de27-12c3-486b-a335-b55c3677ff50', now() - interval '26 hours', 'rejected after owner review', now() - interval '26 days', now()),
  ('482338d9-0477-49df-87fc-2a7aff5ef157', '4cd3f0ab-b1b1-4905-b75a-f77f91808201', CURRENT_DATE + 30, 'available', 'Pending request 28 for Bassel Creative Studio', 'booked', 'Previous booked note', 'e5b0b7e0-109f-4171-a0ce-3462fa5f5a97', '437f45b7-1226-48f7-9add-3b97b087b8bb', 'pending', NULL, NULL, '', now() - interval '27 days', now()),
  ('624c6a1a-c22e-43c7-9e01-aaff1d7c8992', 'd6cbd4c9-15cf-410a-9f05-2ebe8338ac05', CURRENT_DATE + 31, 'booked', 'Historical request 29 for Carla Private Lounge', NULL, NULL, 'e5b0b7e0-109f-4171-a0ce-3462fa5f5a97', 'd12037c8-803a-4168-a92e-77c392c41e77', 'approved', 'd12037c8-803a-4168-a92e-77c392c41e77', now() - interval '28 hours', 'approved after owner review', now() - interval '28 days', now()),
  ('72897c8f-4e98-4580-beaa-fa016b4939c7', '10fd3042-ff41-4631-9812-e434edead7a7', CURRENT_DATE + 32, 'available', 'Historical request 30 for Maya Garden Pool', 'booked', 'Previous booked note', 'e5b0b7e0-109f-4171-a0ce-3462fa5f5a97', 'fcf6a6fa-64a8-47d6-863f-5e96a8bc050a', 'rejected', 'fcf6a6fa-64a8-47d6-863f-5e96a8bc050a', now() - interval '29 hours', 'rejected after owner review', now() - interval '29 days', now());

COMMIT;
